clave,descripcion,existencia,liga_foto,fuente,nivel,motivo
7502212387748,LAMINA DIAKO Y BIYU,19,,,manual,"Lamina escolar generica; busqueda por codigo sin resultado"
4891861247781,JUEGO DE PASTEL FROZEN,13,,,manual,"Codigo 489186: importador generico con licencia; no hay ficha oficial del mismo modelo"
4891861352041,JUEGO DE RAQUETAS AVENGERS,10,,,manual,"Codigo 489186 (importador generico); busqueda por codigo sin resultado"
7501062023011,HELLO KITTY COLOR SPLAY MIALEGRIA,10,https://www.mialegria.com.mx/products/hello-kitty-color-spray-mi-alegria,Mi Alegria (oficial),muy_alta,"Mismo producto (Peluche Hello Kitty Color Spray) en tienda del fabricante; tambien Liverpool"
7920145062486,CORONA DE PRINCESA PARA NINA,10,,,manual,"Accesorio generico; codigo sin resultado"
13429927339,LIBRO VAMOS A LEER DISNEY Lvl 4,9,https://www.amazon.com.mx/Vamos-Leer-Disney-Nivel-4/dp/B0CCBXPVC6,Amazon MX (editorial Dreams Art),alta,"Misma serie y nivel; codigo no confirmado"
4891861286001,PIZARRON MAGICO PAW PATROL,9,,,manual,"Codigo 489186 (importador generico); no buscado por costo"
65541083271,Mega Bloks 80 Pzas Azul,9,https://www.walmart.com.mx/ip/bolsa-mega-blocks-clasica-azul-80-pcs/00201650500566,Walmart MX; ficha oficial shop.mattel.com (JGK05),alta,"Mismo producto; la bolsa cambia de diseno segun edicion"
13429924970,LIBRO HISTORIAS DE AMISTAD DISNEY,8,https://articulo.mercadolibre.com.mx/MLM-2877201204-set-de-4-libros-historias-de-amistad-princesas-disney-_JM,Mercado Libre,media,"Se encontro set de 4; el de la tienda cuesta 59 y podria ser libro suelto"
13429924253,LIBRO PRINCESAS DISNEY PARA LEER,8,,,pendiente,"No buscado en este lote"
13429927315,LIBRO VAMOS A LEER DISNEY LVL2,8,https://www.amazon.com.mx/Vamos-Leer-Disney-Nivel-2/dp/B0CCC13G9F,Amazon MX (editorial Dreams Art),alta,"Misma serie y nivel; codigo no confirmado"
7502240436012,KITCHEN SET PRINCESAS,8,,,pendiente,"No buscado en este lote"
4891861351983,JUEGO DE TE BARBIE,7,,,manual,"Codigo 489186 (importador generico)"
7500383118215,BATA DISNEY PRINCESA,7,,,pendiente,"No buscado en este lote"
13429927322,LIBRO VAMOS A LEER DISNEY LVL3,7,https://articulo.mercadolibre.com.mx/MLM-2534463844-vamos-a-leer-con-disney-nivel-3-6-7-anos-lightyear-coco-_JM,Mercado Libre (editorial Dreams Art),alta,"Misma serie y nivel; codigo no confirmado"
8614682201116,FASHION PERFECT PRINCESA INDIVIDUAL,6,,,manual,"Muneca generica sin marca"
7501062025145,FABRICA DE CHOCOLATE HELLO KITTY,5,https://www.mialegria.com.mx/products/fabrica-de-chocolates-hello-kitty-mi-alegria-crea-y-saborea,Mi Alegria (oficial),muy_alta,"Mismo producto en tienda del fabricante"
4891861284328,JUEGO DE RAQUETAS TOY STORY,5,,,manual,"Codigo 489186 (importador generico)"
7500383118222,BATA DISNEY,5,,,pendiente,"No buscado en este lote"
7501062004676,Dibucolorea De Mi Alegria,5,,,manual,"No aparece en la tienda del fabricante (posible descontinuado)"
7501062002627,DOCTORA MI ALEGRIA,5,https://www.mialegria.com.mx/products/maletin-de-doctora-rosa,Mi Alegria (oficial),alta,"Hay varias versiones (maletin rosa, equipo medico); confirmar presentacion"
7501062023004,SQUISHY DIAMANTES HELLO KITTY AND FRIENDS MIALEGRIA,4,https://www.mialegria.com.mx/products/squishy-diamantes-hello-kitty-and-friends-mi-alegria,Mi Alegria (oficial),muy_alta,"Mismo producto en tienda del fabricante"
7501062024032,ARTE EN DIAMANTES HELLO KITTY AND FRIENDS,4,https://www.mialegria.com.mx/products/arte-en-diamantes-hello-kitty-and-friends-mi-alegria,Mi Alegria (oficial),muy_alta,"Mismo producto en tienda del fabricante"
7500383092645,MODA Y COLOR MINNIE MOUSE,4,,,pendiente,"No buscado en este lote"
4891861248849,JUEGO DE TE MINNIE MOUSE,4,,,manual,"Codigo 489186 (importador generico)"
194735225293,TABLET DE APRENDIZAJE CRECE CONMIGO FISHER PRICE,4,https://www.liverpool.com.mx/tienda/pdp/tablet-crece-conmigo-fisher-price/1149559601,Liverpool; tambien Walmart y Amazon MX,alta,"Mismo modelo; hay version rosa y azul, confirmar color"
7502010506945,TRICICLO PREMIUM CON BARRA DE EMPUJE SPIDERMAN MARCA APACHE,4,https://www.amazon.com.mx/Apache-Triciclo-Spiderman-Barra-Empuje/dp/B0DGZX6WWS,Amazon MX,media,"Apache tiene varios triciclos Spiderman con barra; modelo exacto no confirmado"
7501062024162,FABRICA DE GOMITAS HELLO KITTY MIALEGRIA,3,https://www.mialegria.com.mx/products/fabrica-de-gomitas-hello-kitty-mi-alegria,Mi Alegria (oficial),muy_alta,"Mismo producto en tienda del fabricante"
4891861247996,JUEGO DE TE PRINCESA,3,,,manual,"Codigo 489186 (importador generico)"
833186002861,PIZARRON 3 EN 1 CRAYOLA,3,https://www.amazon.com.mx/CRAYOLA-Caballete-Pizarr%C3%B3n-Magn%C3%A9tica-Presentaci%C3%B3n/dp/B085BCNFHB,Amazon MX,alta,"Mismo producto (Caballete doble 3 en 1); la presentacion puede variar"
833186005329,PIZARRON CRAYOLA CREATIVE FUN DOUBLE EASEL,3,https://www.amazon.com.mx/Creative-Fun-Caballete-doble-magn%C3%A9ticos/dp/B07PCM1K5S,Amazon MX,alta,"Mismo nombre de producto; codigo no confirmado"
13429929395,MINI LIBROS DISNEY PAQUETE 4,3,,,pendiente,"No buscado en este lote"
7501062002580,EL DEPORTE Y TU CUERPO MI ALEGRIA,3,,,manual,"No aparece en la tienda del fabricante (posible descontinuado)"
7501062002689,TELESCOPIO MI ALEGRIA 20x40MM,3,https://www.mialegria.com.mx/products/telescopio-20x-40mm-mi-alegria,Mi Alegria (oficial),muy_alta,"Mismo producto y medida en tienda del fabricante"
7501062024148,COLOR SPRAY MINI HELLO KITTY,3,https://www.mialegria.com.mx/products/mini-color-spray-figura-tie-dye-hello-kitty-mi-alegria,Mi Alegria (oficial),alta,"Probable mismo producto (Mini Color Spray Hello Kitty); nombre no identico"
8411865044085,TECLADO ELECTRICO BARBIE,3,https://listado.mercadolibre.com.mx/teclado-barbie,Mercado Libre (listado),media,"Marca Reig; solo listados de revendedores, sin ficha oficial"
4891861278631,CAJA REGISTRADORA MINNIE MOUSE,3,,,manual,"Codigo 489186 (importador generico)"
4891861285714,LICUADORA DISNEY PRINCESA,3,,,manual,"Codigo 489186 (importador generico)"
2500083745822,PELOTA INFLABLE STITCH,3,,,manual,"Producto generico (codigo interno 2500...)"
194735225309,TABLET DE APRENDIZAJE CRECE CONMIGO FISHER PRICE,3,https://www.amazon.com.mx/Fisher-Price-Aprende-Tablet-Aprendizaje-Conmigo/dp/B07DQ32H3Y,Amazon MX; tambien Walmart,alta,"Mismo modelo; segundo color (rosa o azul), confirmar"
655244032982,Rompecabezas Star Wars Mandalorian,3,https://www.amazon.com.mx/Novelty-Corp-Rompecabezas-Panor%C3%A1mico-Mandalorian/dp/B09HZ9MWXS,Amazon MX (Novelty),media,"Novelty tiene varios Mandalorian (3 en 1, 500, 1000 piezas); modelo exacto no confirmado"
805219458327,FROZEN ADVENTURE TO THE NORTH,2,,,pendiente,"No buscado en este lote"
7502212389629,MOLDES BIYU NUMERO,2,,,manual,"Busqueda sin ficha de la marca Biyu"
7506198767914,JUEGO DE ARTE MINNIE,2,,,pendiente,"No buscado en este lote"
7501062019205,FABRICA DE SLIME SIRENA MI ALEGRIA,2,https://www.mialegria.com.mx/products/fabrica-de-slime-sirena-mi-alegria,Mi Alegria (oficial),muy_alta,"Mismo producto en tienda del fabricante"
7502212389612,Moldes Biyus Letras,2,,,manual,"Busqueda sin ficha de la marca Biyu"
6974596251501,JUEGO DE TE MINNIE,2,,,manual,"Codigo 697: importador generico"
7501991850122,Casita Princesas,2,,,pendiente,"No buscado en este lote"
887961918717,BARBIE CLINICA MEDICA,2,https://www.mercadolibre.com.mx/barbie-clinica-medica-set-de-muneca-y-30-accesorios/p/MLM19745278,Mercado Libre; fichas oficiales en shop.mattel.com,media,"Mattel tiene 2 o mas clinicas (HFT68, HKT79); modelo exacto no confirmado"
887961439540,BARBIE FASHION DOLLS,2,,,manual,"Surtido de munecas: no hay una foto unica del modelo"
